-- phpMyAdmin SQL Dump
-- version 5.2.1
-- https://www.phpmyadmin.net/
--
-- Servidor: 127.0.0.1
-- Tiempo de generación: 20-08-2025 a las 07:41:30
-- Versión del servidor: 8.0.41
-- Versión de PHP: 8.2.12

SET SQL_MODE = "NO_AUTO_VALUE_ON_ZERO";
START TRANSACTION;
SET time_zone = "+00:00";


/*!40101 SET @OLD_CHARACTER_SET_CLIENT=@@CHARACTER_SET_CLIENT */;
/*!40101 SET @OLD_CHARACTER_SET_RESULTS=@@CHARACTER_SET_RESULTS */;
/*!40101 SET @OLD_COLLATION_CONNECTION=@@COLLATION_CONNECTION */;
/*!40101 SET NAMES utf8mb4 */;

--
-- Base de datos: `proyecto_sistema_citas`
--

-- --------------------------------------------------------

--
-- Estructura de tabla para la tabla `cita`
--

CREATE TABLE `cita` (
  `id_cita` int NOT NULL,
  `fecha` date NOT NULL,
  `hora` varchar(15) NOT NULL,
  `id_usuario` int NOT NULL,
  `id_medico` int NOT NULL,
  `id_servicio` int NOT NULL,
  `id_especialidad` int NOT NULL,
  `id_estado` int NOT NULL
) ENGINE=InnoDB DEFAULT CHARSET=utf8mb4 COLLATE=utf8mb4_0900_ai_ci;

--
-- Volcado de datos para la tabla `cita`
--

INSERT INTO `cita` (`id_cita`, `fecha`, `hora`, `id_usuario`, `id_medico`, `id_servicio`, `id_especialidad`, `id_estado`) VALUES
(1, '2024-01-15', '9:00 am', 23, 3, 1, 1, 5),
(2, '2024-03-10', '2:30 pm', 23, 7, 6, 3, 5),
(3, '2024-06-20', '10:15 am', 23, 15, 5, 2, 5),
(4, '2024-02-18', '8:45 am', 24, 8, 7, 4, 5),
(5, '2024-05-22', '11:20 am', 24, 12, 5, 2, 5),
(6, '2024-08-14', '4:00 pm', 24, 4, 1, 1, 4),
(7, '2024-03-25', '1:30 pm', 25, 5, 11, 8, 5),
(8, '2024-07-10', '9:45 am', 25, 14, 5, 2, 5),
(9, '2024-11-08', '3:15 pm', 25, 18, 9, 6, 3),
(10, '2024-01-30', '10:30 am', 26, 9, 1, 1, 5),
(11, '2024-04-15', '2:00 pm', 26, 16, 6, 3, 5),
(12, '2024-09-20', '8:30 am', 26, 22, 13, 10, 5),
(13, '2024-02-12', '11:45 am', 27, 6, 8, 5, 5),
(14, '2024-06-18', '4:30 pm', 27, 13, 9, 6, 5),
(15, '2024-10-25', '9:15 am', 27, 19, 13, 10, 4),
(16, '2024-03-08', '12:00 pm', 28, 10, 4, 1, 5),
(17, '2024-07-22', '3:45 pm', 28, 17, 9, 6, 5),
(18, '2024-12-05', '10:00 am', 28, 11, 8, 5, 5),
(19, '2024-04-10', '8:15 am', 29, 20, 12, 9, 5),
(20, '2024-08-28', '1:15 pm', 29, 3, 1, 1, 5),
(21, '2024-11-12', '2:45 pm', 29, 15, 11, 8, 4),
(22, '2024-05-14', '9:30 am', 30, 21, 10, 7, 5),
(23, '2024-09-05', '11:00 am', 30, 8, 7, 4, 5),
(24, '2024-12-18', '4:15 pm', 30, 16, 6, 3, 5),
(25, '2025-01-20', '8:00 am', 31, 12, 5, 2, 3),
(26, '2025-03-15', '10:45 am', 31, 7, 6, 3, 3),
(27, '2025-05-22', '2:30 pm', 31, 19, 13, 10, 3),
(28, '2025-02-10', '9:15 am', 32, 5, 11, 8, 3),
(29, '2025-04-18', '1:00 pm', 32, 14, 5, 2, 3),
(30, '2025-07-25', '11:30 am', 32, 22, 13, 10, 3),
(31, '2025-01-28', '3:00 pm', 33, 18, 9, 6, 3),
(32, '2025-03-30', '8:30 am', 33, 6, 8, 5, 3),
(33, '2025-06-12', '4:45 pm', 33, 13, 9, 6, 3),
(34, '2025-02-25', '10:00 am', 34, 17, 9, 6, 3),
(35, '2025-04-08', '12:15 pm', 34, 10, 4, 1, 3),
(36, '2025-08-14', '2:00 pm', 34, 20, 12, 9, 3),
(37, '2025-03-12', '9:45 am', 35, 11, 8, 5, 3),
(38, '2025-05-20', '11:15 am', 35, 21, 10, 7, 3),
(39, '2025-09-18', '3:30 pm', 35, 4, 1, 1, 3),
(40, '2025-01-15', '1:45 pm', 36, 9, 1, 1, 3),
(41, '2025-04-22', '8:00 am', 36, 15, 11, 8, 3),
(42, '2025-07-30', '4:00 pm', 36, 16, 6, 3, 3),
(43, '2024-01-08', '10:00 am', 24, 3, 1, 1, 5),
(44, '2024-02-22', '3:30 pm', 25, 8, 7, 4, 5),
(45, '2024-03-18', '11:15 am', 26, 12, 5, 2, 5),
(46, '2024-04-25', '4:30 pm', 27, 17, 9, 6, 5),
(47, '2024-05-30', '11:45 am', 28, 21, 10, 7, 5),
(48, '2024-06-14', '9:30 am', 29, 6, 8, 5, 5),
(49, '2024-07-08', '1:00 pm', 30, 13, 9, 6, 5),
(50, '2025-08-15', '9:30 am', 23, 18, 9, 6, 3),
(51, '2025-09-22', '11:00 am', 24, 5, 11, 8, 3),
(52, '2025-10-18', '2:45 pm', 25, 20, 12, 9, 3),
(53, '2025-11-25', '4:15 pm', 26, 22, 13, 10, 3),
(54, '2025-12-12', '8:15 am', 27, 14, 5, 2, 3),
(55, '2025-08-28', '15:00:00', 23, 21, 2, 10, 4),
(56, '2025-08-27', '10:00:00', 23, 20, 12, 9, 1);

-- --------------------------------------------------------

--
-- Estructura de tabla para la tabla `enfermedad`
--

CREATE TABLE `enfermedad` (
  `id_enfermedad` int NOT NULL,
  `nombre` varchar(100) NOT NULL
) ENGINE=InnoDB DEFAULT CHARSET=utf8mb4 COLLATE=utf8mb4_0900_ai_ci;

--
-- Volcado de datos para la tabla `enfermedad`
--

INSERT INTO `enfermedad` (`id_enfermedad`, `nombre`) VALUES
(1, 'Gripe'),
(2, 'Diabetes'),
(3, 'Hipertensión'),
(4, 'Asma'),
(5, 'COVID-19'),
(6, 'Artritis'),
(7, 'Migraña'),
(8, 'Bronquitis'),
(9, 'Gastritis'),
(10, 'Anemia'),
(11, 'Hepatitis A'),
(12, 'Hepatitis B'),
(13, 'Tétanos'),
(14, 'Tosferina'),
(15, 'Sarampión'),
(16, 'Rubéola'),
(17, 'Varicela'),
(18, 'Rotavirus'),
(19, 'Neumococo'),
(20, 'Meningitis'),
(21, 'VPH');

-- --------------------------------------------------------

--
-- Estructura de tabla para la tabla `especialidad`
--

CREATE TABLE `especialidad` (
  `id_especialidad` int NOT NULL,
  `nombre` varchar(100) NOT NULL
) ENGINE=InnoDB DEFAULT CHARSET=utf8mb4 COLLATE=utf8mb4_0900_ai_ci;

--
-- Volcado de datos para la tabla `especialidad`
--

INSERT INTO `especialidad` (`id_especialidad`, `nombre`) VALUES
(1, 'Pediatría'),
(2, 'Medicina Interna'),
(3, 'Cardiología'),
(4, 'Neumología'),
(5, 'Gastroenterología'),
(6, 'Neurología'),
(7, 'Reumatología'),
(8, 'Endocrinología'),
(9, 'Medicina General'),
(10, 'Psicología');

-- --------------------------------------------------------

--
-- Estructura de tabla para la tabla `esquema_vacunacion`
--

CREATE TABLE `esquema_vacunacion` (
  `id_esquema` int NOT NULL,
  `nombre` varchar(50) NOT NULL
) ENGINE=InnoDB DEFAULT CHARSET=utf8mb4 COLLATE=utf8mb4_0900_ai_ci;

--
-- Volcado de datos para la tabla `esquema_vacunacion`
--

INSERT INTO `esquema_vacunacion` (`id_esquema`, `nombre`) VALUES
(1, 'Única dosis'),
(2, 'Dosis inicial'),
(3, 'Dosis refuerzo'),
(4, 'Dosis anual'),
(5, 'Dosis cada 10 años'),
(6, 'Primera dosis'),
(7, 'Segunda dosis'),
(8, 'Tercera dosis');

-- --------------------------------------------------------

--
-- Estructura de tabla para la tabla `estado`
--

CREATE TABLE `estado` (
  `id_estado` int NOT NULL,
  `nombre` varchar(100) NOT NULL
) ENGINE=InnoDB DEFAULT CHARSET=utf8mb4 COLLATE=utf8mb4_0900_ai_ci;

--
-- Volcado de datos para la tabla `estado`
--

INSERT INTO `estado` (`id_estado`, `nombre`) VALUES
(1, 'Activo'),
(2, 'Inactivo'),
(3, 'Pendiente'),
(4, 'Suspendida'),
(5, 'Completada');

-- --------------------------------------------------------

--
-- Estructura de tabla para la tabla `estado_civil`
--

CREATE TABLE `estado_civil` (
  `id_estado_civil` int NOT NULL,
  `nombre` varchar(50) NOT NULL
) ENGINE=InnoDB DEFAULT CHARSET=utf8mb4 COLLATE=utf8mb4_0900_ai_ci;

--
-- Volcado de datos para la tabla `estado_civil`
--

INSERT INTO `estado_civil` (`id_estado_civil`, `nombre`) VALUES
(1, 'Soltero'),
(2, 'Casado'),
(3, 'Divorciado'),
(4, 'Viudo'),
(5, 'Unión libre'),
(6, 'Separado');

-- --------------------------------------------------------

--
-- Estructura de tabla para la tabla `expediente`
--

CREATE TABLE `expediente` (
  `id_expediente` int NOT NULL,
  `id_usuario` int NOT NULL,
  `peso` varchar(10) DEFAULT NULL,
  `altura` varchar(10) DEFAULT NULL,
  `tipo_sangre` varchar(5) DEFAULT NULL,
  `enfermedades` text,
  `alergias` text,
  `cirugias` text
) ENGINE=InnoDB DEFAULT CHARSET=utf8mb4 COLLATE=utf8mb4_0900_ai_ci;

--
-- Volcado de datos para la tabla `expediente`
--

INSERT INTO `expediente` (`id_expediente`, `id_usuario`, `peso`, `altura`, `tipo_sangre`, `enfermedades`, `alergias`, `cirugias`) VALUES
(1, 23, '72kg', '1.75m', 'O+', 'Hipertensión', 'Ninguna', 'Apendicectomía'),
(2, 24, '80kg', '1.80m', 'A+', 'Diabetes tipo 2', 'Penicilina', 'Ninguna'),
(3, 25, '68kg', '1.70m', 'B-', 'Ninguna', 'Mariscos', 'Fractura pierna'),
(4, 26, '85kg', '1.78m', 'AB+', 'Asma', 'Ninguna', 'Colecistectomía'),
(5, 27, '60kg', '1.65m', 'O-', 'Ninguna', 'Polvo', 'Cesárea'),
(6, 28, '70kg', '1.72m', 'A-', 'Migrañas', 'Ninguna', 'Ninguna'),
(7, 29, '58kg', '1.60m', 'O+', 'Hipotiroidismo', 'Gluten', 'Ninguna'),
(8, 30, '62kg', '1.63m', 'B+', 'Ninguna', 'Polen', 'Apendicectomía'),
(9, 31, '75kg', '1.82m', 'O+', 'Colesterol alto', 'Ninguna', 'Ninguna'),
(10, 32, '90kg', '1.85m', 'AB-', 'Hipertensión', 'Ninguna', 'Hernia'),
(11, 33, '78kg', '1.77m', 'A+', 'Ninguna', 'Ninguna', 'Ninguna'),
(12, 34, '55kg', '1.62m', 'O-', 'Asma', 'Ácaros', 'Ninguna'),
(13, 35, '82kg', '1.74m', 'B+', 'Artritis', 'Ninguna', 'Bypass coronario'),
(14, 36, '68kg', '1.68m', 'O+', 'Ninguna', 'Lácteos', 'Ninguna');

-- --------------------------------------------------------

--
-- Estructura de tabla para la tabla `forma_farmaceutica`
--

CREATE TABLE `forma_farmaceutica` (
  `id_forma_farmaceutica` int NOT NULL,
  `nombre` varchar(100) NOT NULL
) ENGINE=InnoDB DEFAULT CHARSET=utf8mb4 COLLATE=utf8mb4_0900_ai_ci;

--
-- Volcado de datos para la tabla `forma_farmaceutica`
--

INSERT INTO `forma_farmaceutica` (`id_forma_farmaceutica`, `nombre`) VALUES
(1, 'Tableta'),
(2, 'Cápsula'),
(3, 'Jarabe'),
(4, 'Inyectable'),
(5, 'Crema'),
(6, 'Supositorio'),
(7, 'Spray nasal');

-- --------------------------------------------------------

--
-- Estructura de tabla para la tabla `genero`
--

CREATE TABLE `genero` (
  `id_genero` int NOT NULL,
  `nombre` varchar(50) NOT NULL
) ENGINE=InnoDB DEFAULT CHARSET=utf8mb4 COLLATE=utf8mb4_0900_ai_ci;

--
-- Volcado de datos para la tabla `genero`
--

INSERT INTO `genero` (`id_genero`, `nombre`) VALUES
(1, 'Masculino'),
(2, 'Femenino'),
(3, 'No binario'),
(4, 'Prefiere no decirlo'),
(5, 'Otro');

-- --------------------------------------------------------

--
-- Estructura de tabla para la tabla `grupo_terapeutico`
--

CREATE TABLE `grupo_terapeutico` (
  `id_grupo_farmaceutico` int NOT NULL,
  `nombre` varchar(100) NOT NULL
) ENGINE=InnoDB DEFAULT CHARSET=utf8mb4 COLLATE=utf8mb4_0900_ai_ci;

--
-- Volcado de datos para la tabla `grupo_terapeutico`
--

INSERT INTO `grupo_terapeutico` (`id_grupo_farmaceutico`, `nombre`) VALUES
(1, 'Analgésicos'),
(2, 'Antibióticos'),
(3, 'Antiinflamatorios'),
(4, 'Antihipertensivos'),
(5, 'Antidiabéticos'),
(6, 'Antivirales'),
(7, 'Broncodilatadores'),
(8, 'Antidepresivos'),
(9, 'Antialérgicos'),
(10, 'Gastroprotectores');

-- --------------------------------------------------------

--
-- Estructura de tabla para la tabla `medicamento`
--

CREATE TABLE `medicamento` (
  `id_medicamento` int NOT NULL,
  `nombre` varchar(100) NOT NULL,
  `id_forma_farmaceutica` int NOT NULL,
  `id_grupo_terapeutico` int NOT NULL,
  `id_via_administracion` int NOT NULL,
  `id_estado` int NOT NULL
) ENGINE=InnoDB DEFAULT CHARSET=utf8mb4 COLLATE=utf8mb4_0900_ai_ci;

--
-- Volcado de datos para la tabla `medicamento`
--

INSERT INTO `medicamento` (`id_medicamento`, `nombre`, `id_forma_farmaceutica`, `id_grupo_terapeutico`, `id_via_administracion`, `id_estado`) VALUES
(1, 'Paracetamol 500mg', 1, 1, 1, 1),
(2, 'Ibuprofeno 400mg', 1, 1, 1, 1),
(3, 'Aspirina 100mg', 1, 1, 1, 1),
(4, 'Diclofenaco gel', 5, 1, 5, 1),
(5, 'Amoxicilina 500mg', 2, 2, 1, 1),
(6, 'Ciprofloxacino 250mg', 1, 2, 1, 1),
(7, 'Penicilina G', 4, 2, 2, 1),
(8, 'Eritromicina pomada', 5, 2, 5, 1),
(9, 'Prednisolona 5mg', 1, 3, 1, 1),
(10, 'Dexametasona', 4, 3, 2, 1),
(11, 'Hidrocortisona crema', 5, 3, 5, 1),
(12, 'Enalapril 10mg', 1, 4, 1, 1),
(13, 'Losartán 50mg', 1, 4, 1, 1),
(14, 'Amlodipino 5mg', 1, 4, 1, 1),
(15, 'Metformina 850mg', 1, 5, 1, 1),
(16, 'Glibenclamida 5mg', 1, 5, 1, 1),
(17, 'Insulina NPH', 4, 5, 4, 1),
(18, 'Aciclovir 400mg', 1, 6, 1, 1),
(19, 'Aciclovir crema', 5, 6, 5, 1),
(20, 'Salbutamol inhalador', 7, 7, 6, 1),
(21, 'Teofilina 200mg', 1, 7, 1, 1),
(22, 'Sertralina 50mg', 1, 8, 1, 1),
(23, 'Fluoxetina 20mg', 2, 8, 1, 1),
(24, 'Loratadina 10mg', 1, 9, 1, 1),
(25, 'Cetirizina jarabe', 3, 9, 1, 1),
(26, 'Beclometasona spray', 7, 9, 9, 1),
(27, 'Omeprazol 20mg', 2, 10, 1, 1),
(28, 'Ranitidina 150mg', 1, 10, 1, 1),
(29, 'Sucralfato suspensión', 3, 10, 1, 1);

-- --------------------------------------------------------

--
-- Estructura de tabla para la tabla `medicamento_paciente`
--

CREATE TABLE `medicamento_paciente` (
  `id_medicamento_paciente` int NOT NULL,
  `nombre_completo` varchar(100) NOT NULL,
  `fecha_preescripcion` date NOT NULL,
  `tiempo_tratamiento` varchar(100) NOT NULL,
  `indicaciones` varchar(250) NOT NULL,
  `id_estado` int NOT NULL,
  `id_medicamento` int NOT NULL,
  `id_paciente` int NOT NULL
) ENGINE=InnoDB DEFAULT CHARSET=utf8mb4 COLLATE=utf8mb4_0900_ai_ci;

--
-- Volcado de datos para la tabla `medicamento_paciente`
--

INSERT INTO `medicamento_paciente` (`id_medicamento_paciente`, `nombre_completo`, `fecha_preescripcion`, `tiempo_tratamiento`, `indicaciones`, `id_estado`, `id_medicamento`, `id_paciente`) VALUES
(1, 'José Ramírez Quesada', '2024-01-15', '5 días cada 8 horas', 'Tomar con alimentos para dolor de cabeza y fiebre', 1, 1, 23),
(2, 'José Ramírez Quesada', '2024-03-10', '7 días cada 12 horas', 'Tratamiento antibiótico para infección respiratoria', 1, 5, 23),
(3, 'Miguel Sandoval Torres', '2024-02-20', '3 días cada 6 horas', 'Para dolor muscular y inflamación', 2, 2, 24),
(4, 'Miguel Sandoval Torres', '2024-05-15', 'Tratamiento crónico diario', 'Control de hipertensión arterial', 1, 12, 24),
(5, 'Carlos Méndez Brenes', '2024-01-25', 'Según necesidad', 'Prevención cardiovascular, tomar con agua', 1, 3, 25),
(6, 'Carlos Méndez Brenes', '2024-06-20', 'Tratamiento crónico', 'Control de diabetes tipo 2', 1, 15, 25),
(7, 'Fernando Castro Elizondo', '2024-03-12', 'Aplicar 3 veces al día', 'Gel antiinflamatorio para lesión deportiva', 1, 4, 26),
(8, 'Fernando Castro Elizondo', '2024-04-18', '10 días cada 8 horas', 'Antibiótico para infección bacteriana', 1, 7, 26),
(9, 'María Córdoba Salas', '2024-02-14', '5 días cada 12 horas', 'Antibiótico para infección urinaria', 2, 6, 27),
(10, 'María Córdoba Salas', '2024-07-22', 'Según prescripción médica', 'Corticoide para proceso inflamatorio', 1, 9, 27),
(11, 'Ana Montero Villalobos', '2024-03-08', 'Aplicar 2 veces al día', 'Antibiótico tópico para infección cutánea', 1, 8, 28),
(12, 'Ana Montero Villalobos', '2024-08-15', 'Tratamiento crónico', 'Control de hipertensión arterial', 1, 13, 28),
(13, 'Lucía Araya Fonseca', '2024-04-12', 'Según indicación médica', 'Corticoide inyectable para alergia severa', 2, 10, 29),
(14, 'Lucía Araya Fonseca', '2024-09-10', 'Tratamiento crónico', 'Control de diabetes con dieta', 1, 16, 29),
(15, 'Patricia Morales Jiménez', '2024-05-18', 'Aplicar según necesidad', 'Crema corticoide para dermatitis', 2, 11, 30),
(16, 'Patricia Morales Jiménez', '2024-10-25', '5 días cada 24 horas', 'Antiviral para herpes labial', 1, 18, 30),
(17, 'Alex Rivera Campos', '2024-06-14', 'Una vez al día', 'Control de presión arterial', 1, 14, 31),
(18, 'Alex Rivera Campos', '2024-11-08', 'Tratamiento crónico', 'Broncodilatador para asma', 1, 21, 31),
(19, 'Sam Delgado Núñez', '2024-07-20', 'Según indicación endocrina', 'Insulina para diabetes tipo 1', 1, 17, 32),
(20, 'Sam Delgado Núñez', '2024-12-15', 'Tratamiento crónico', 'Antidepresivo para depresión mayor', 2, 22, 32),
(21, 'Diego Chacón Madrigal', '2024-08-25', 'Aplicar según necesidad', 'Crema antiviral para herpes', 2, 19, 33),
(22, 'Diego Chacón Madrigal', '2025-01-12', 'Tratamiento crónico', 'Antidepresivo ISRS para ansiedad', 1, 23, 33),
(23, 'Sofía Picado Rojas', '2024-09-30', 'Inhalador según necesidad', 'Broncodilatador para asma bronquial', 1, 20, 34),
(24, 'Sofía Picado Rojas', '2025-02-18', 'Tratamiento crónico', 'Antihistamínico para rinitis alérgica', 1, 24, 34),
(25, 'Eduardo Blanco Cordero', '2024-10-15', 'Según indicación médica', 'Antihistamínico para urticaria crónica', 1, 25, 35),
(26, 'Eduardo Blanco Cordero', '2025-03-22', 'Según necesidad', 'Analgésico para dolor articular', 2, 1, 35),
(27, 'Elena Vargas Trejos', '2024-11-28', '3 días cada 8 horas', 'Antiinflamatorio para dolor menstrual', 2, 2, 36),
(28, 'Elena Vargas Trejos', '2025-04-10', '7 días cada 12 horas', 'Antibiótico para cistitis recurrente', 1, 6, 36);

-- --------------------------------------------------------

--
-- Estructura de tabla para la tabla `medico_especialidad`
--

CREATE TABLE `medico_especialidad` (
  `id_medico_especialidad` int NOT NULL,
  `id_medico` int NOT NULL,
  `id_especialidad` int NOT NULL,
  `id_estado` int NOT NULL
) ENGINE=InnoDB DEFAULT CHARSET=utf8mb4 COLLATE=utf8mb4_0900_ai_ci;

--
-- Volcado de datos para la tabla `medico_especialidad`
--

INSERT INTO `medico_especialidad` (`id_medico_especialidad`, `id_medico`, `id_especialidad`, `id_estado`) VALUES
(1, 3, 2, 1),
(2, 4, 2, 1),
(3, 5, 1, 1),
(4, 6, 1, 1),
(5, 7, 3, 1),
(6, 8, 3, 1),
(7, 9, 4, 1),
(8, 10, 4, 1),
(9, 11, 5, 1),
(10, 12, 5, 1),
(11, 13, 6, 1),
(12, 14, 6, 1),
(13, 15, 7, 1),
(14, 16, 7, 1),
(15, 17, 8, 1),
(16, 18, 8, 1),
(17, 19, 9, 1),
(18, 20, 9, 1),
(19, 21, 10, 1),
(20, 22, 10, 1);

-- --------------------------------------------------------

--
-- Estructura de tabla para la tabla `rol`
--

CREATE TABLE `rol` (
  `id_rol` int NOT NULL,
  `nombre` varchar(50) CHARACTER SET utf8mb4 COLLATE utf8mb4_0900_ai_ci NOT NULL,
  `descripcion` varchar(100) NOT NULL,
  `id_estado` int NOT NULL
) ENGINE=InnoDB DEFAULT CHARSET=utf8mb4 COLLATE=utf8mb4_0900_ai_ci;

--
-- Volcado de datos para la tabla `rol`
--

INSERT INTO `rol` (`id_rol`, `nombre`, `descripcion`, `id_estado`) VALUES
(1, 'Administrador', 'Administrador del sistema con acceso completo a todas las funcionalidades.', 1),
(2, 'Medico', 'Médico profesional.', 1),
(3, 'Paciente', 'Usuario paciente.', 1);

-- --------------------------------------------------------

--
-- Estructura de tabla para la tabla `servicio`
--

CREATE TABLE `servicio` (
  `id_servicio` int NOT NULL,
  `nombre` varchar(100) NOT NULL
) ENGINE=InnoDB DEFAULT CHARSET=utf8mb4 COLLATE=utf8mb4_0900_ai_ci;

--
-- Volcado de datos para la tabla `servicio`
--

INSERT INTO `servicio` (`id_servicio`, `nombre`) VALUES
(1, 'Emergencias'),
(2, 'Hospitalización'),
(3, 'Cuidados Intensivos'),
(4, 'Pediatría'),
(5, 'Medicina Interna'),
(6, 'Cardiología'),
(7, 'Neumología'),
(8, 'Gastroenterología'),
(9, 'Neurología'),
(10, 'Reumatología'),
(11, 'Endocrinología'),
(12, 'Medicina General'),
(13, 'Psicología');

-- --------------------------------------------------------

--
-- Estructura de tabla para la tabla `usuario`
--

CREATE TABLE `usuario` (
  `id_usuario` int NOT NULL,
  `cedula_usuario` varchar(20) NOT NULL,
  `nombre` varchar(50) NOT NULL,
  `apellidos` varchar(100) NOT NULL,
  `correo` varchar(50) NOT NULL,
  `telefono` varchar(15) DEFAULT NULL,
  `fecha_nacimiento` date DEFAULT NULL,
  `direccion` varchar(200) NOT NULL,
  `contrasena` varchar(255) NOT NULL,
  `id_genero` int DEFAULT NULL,
  `id_estado_civil` int DEFAULT NULL,
  `id_rol` int NOT NULL,
  `id_estado` int NOT NULL
) ENGINE=InnoDB DEFAULT CHARSET=utf8mb4 COLLATE=utf8mb4_0900_ai_ci;

--
-- Volcado de datos para la tabla `usuario`
--

INSERT INTO `usuario` (`id_usuario`, `cedula_usuario`, `nombre`, `apellidos`, `correo`, `telefono`, `fecha_nacimiento`, `direccion`, `contrasena`, `id_genero`, `id_estado_civil`, `id_rol`, `id_estado`) VALUES
(1, '123456789', 'Carlos', 'Rodríguez Pérez', 'carlos.admin@hospital.com', '22345678', NULL, 'San José, Costa Rica', 'admin123', NULL, NULL, 1, 1),
(2, '987654321', 'María', 'González López', 'maria.admin@hospital.com', '22876543', NULL, 'Cartago, Costa Rica', 'admin456', NULL, NULL, 1, 1),
(3, '456789123', 'Juan', 'Hernández Mora', 'juan.hernandez@hospital.com', '88234567', NULL, 'San José, Escazú', 'medico123', NULL, NULL, 2, 1),
(4, '789123456', 'Ana', 'Vargas Solano', 'ana.vargas@hospital.com', '87654321', NULL, 'Cartago, Centro', 'medico456', NULL, NULL, 2, 1),
(5, '321654987', 'Dr. Roberto', 'Jiménez Castro', 'roberto.jimenez@hospital.com', '89123456', NULL, 'Alajuela, Centro', 'medico789', NULL, NULL, 2, 1),
(6, '654987321', 'Dra. Carmen', 'Rojas Vega', 'carmen.rojas@hospital.com', '88765432', NULL, 'Heredia, San Pablo', 'medico321', NULL, NULL, 2, 1),
(7, '147258369', 'Dr. Luis', 'Fernández Chacón', 'luis.fernandez@hospital.com', '88147258', NULL, 'San José, Santa Ana', 'cardio123', NULL, NULL, 2, 1),
(8, '963852741', 'Dra. Silvia', 'Ramírez Gutiérrez', 'silvia.ramirez@hospital.com', '87963852', NULL, 'Cartago, Paraíso', 'cardio456', NULL, NULL, 2, 1),
(9, '258147963', 'Dr. Mario', 'Castillo Vega', 'mario.castillo@hospital.com', '89258147', NULL, 'Alajuela, San Carlos', 'neumo123', NULL, NULL, 2, 1),
(10, '741963852', 'Dra. Patricia', 'Moreno Sánchez', 'patricia.moreno@hospital.com', '88741963', NULL, 'Puntarenas, Esparza', 'neumo456', NULL, NULL, 2, 1),
(11, '369258147', 'Dr. Carlos', 'Delgado Pérez', 'carlos.delgado@hospital.com', '87369258', NULL, 'Heredia, Flores', 'gastro123', NULL, NULL, 2, 1),
(12, '852741963', 'Dra. Mónica', 'Arias Campos', 'monica.arias@hospital.com', '89852741', NULL, 'Guanacaste, Nicoya', 'gastro456', NULL, NULL, 2, 1),
(13, '147852963', 'Dr. Francisco', 'Solano Miranda', 'francisco.solano@hospital.com', '88147852', NULL, 'San José, Moravia', 'neuro123', NULL, NULL, 2, 1),
(14, '963741852', 'Dra. Rebeca', 'Quesada Torres', 'rebeca.quesada@hospital.com', '87963741', NULL, 'Limón, Siquirres', '$2y$10$PZkujAod2Hp9D6uQJNWyYOvyvIv9NKnSr/96xPPp6/aM7GOyTW0ly', NULL, NULL, 2, 1),
(15, '258963741', 'Dr. Gerardo', 'Brenes Elizondo', 'gerardo.brenes@hospital.com', '89258963', NULL, 'Cartago, Turrialba', 'reuma123', NULL, NULL, 2, 1),
(16, '741852963', 'Dra. Verónica', 'Madrigal Rojas', 'veronica.madrigal@hospital.com', '88741852', NULL, 'San José, Guadalupe', 'reuma456', NULL, NULL, 2, 1),
(17, '369741852', 'Dr. Rafael', 'Cordero Villalobos', 'rafael.cordero@hospital.com', '87369741', NULL, 'Alajuela, Grecia', 'endo123', NULL, NULL, 2, 1),
(18, '852963741', 'Dra. Alejandra', 'Salas Bonilla', 'alejandra.salas@hospital.com', '89852963', NULL, 'Heredia, San Rafael', 'endo456', NULL, NULL, 2, 1),
(19, '147963741', 'Dr. Esteban', 'Picado Castro', 'esteban.picado@hospital.com', '88147963', NULL, 'Puntarenas, Quepos', 'general123', NULL, NULL, 2, 1),
(20, '963852147', 'Dra. Karla', 'Núñez Fallas', 'karla.nunez@hospital.com', '87963852', NULL, 'Guanacaste, Santa Cruz', 'general456', NULL, NULL, 2, 1),
(21, '258741369', 'Dr. Daniel', 'Trejos Monge', 'daniel.trejos@hospital.com', '89258741', NULL, 'San José, Pavas', 'psico123', NULL, NULL, 2, 1),
(22, '741369258', 'Dra. Adriana', 'Chaves Alpízar', 'adriana.chaves@hospital.com', '88741369', NULL, 'Cartago, La Unión', 'psico456', NULL, NULL, 2, 1),
(23, '111222333', 'José', 'Ramírez Quesada', 'jose.ramirez@email.com', '88111222', '1985-03-15', 'Cartago, Paraíso', '$2y$10$kH2xfaWw5NI3whh6BJmKX.iyY0DPsJD95vsPqU6hUr/s0BCr4nmh.', 1, 2, 3, 1),
(24, '444555666', 'Miguel', 'Sandoval Torres', 'miguel.sandoval@email.com', '87333444', '1978-11-22', 'San José, Desamparados', 'paciente456', 1, 1, 3, 1),
(25, '777888999', 'Carlos', 'Méndez Brenes', 'carlos.mendez@email.com', '89555666', '1992-07-08', 'Alajuela, San Ramón', 'paciente789', 1, 3, 3, 1),
(26, '101112131', 'Fernando', 'Castro Elizondo', 'fernando.castro@email.com', '88777888', '1965-12-03', 'Puntarenas, Centro', 'paciente321', 1, 4, 3, 1),
(27, '222333444', 'María', 'Córdoba Salas', 'maria.cordoba@email.com', '88222333', '1990-08-25', 'Cartago, La Unión', 'paciente654', 2, 2, 3, 1),
(28, '555666777', 'Ana', 'Montero Villalobos', 'ana.montero@email.com', '87444555', '1975-01-18', 'Heredia, Barva', 'paciente987', 2, 1, 3, 1),
(29, '888999000', 'Lucía', 'Araya Fonseca', 'lucia.araya@email.com', '89666777', '1988-09-12', 'Guanacaste, Liberia', 'paciente147', 2, 5, 3, 1),
(30, '141516171', 'Patricia', 'Morales Jiménez', 'patricia.morales@email.com', '88888999', '1995-04-30', 'Limón, Puerto Viejo', '$2y$10$65xEpn5tk24R8ESWZUfrg.v9EYVf5HM5Ng5cRHvFeFIZLfnoFup7q', 2, 3, 3, 1),
(31, '181920212', 'Alex', 'Rivera Campos', 'alex.rivera@email.com', '89000111', '1993-06-14', 'San José, Tibás', 'paciente369', 3, 1, 3, 1),
(32, '223242526', 'Sam', 'Delgado Núñez', 'sam.delgado@email.com', '88123456', '1987-10-07', 'Cartago, Turrialba', 'paciente741', 4, 2, 3, 1),
(33, '272829303', 'Diego', 'Chacón Madrigal', 'diego.chacon@email.com', '87987654', '2000-02-20', 'Alajuela, Atenas', 'paciente852', 1, 1, 3, 1),
(34, '313233343', 'Sofía', 'Picado Rojas', 'sofia.picado@email.com', '89234567', '1999-12-10', 'Heredia, Santo Domingo', 'paciente963', 2, 1, 3, 1),
(35, '353637383', 'Eduardo', 'Blanco Cordero', 'eduardo.blanco@email.com', '88345678', '1950-05-25', 'San José, Curridabat', '$2y$10$0o0934cg7G2NcFruW670yefRz8BFdAyr14ByXWORcJ0jhvwbivQ7G', 1, 4, 3, 1),
(36, '394041424', 'Elena', 'Vargas Trejos', 'elena.vargas@email.com', '87456789', '1948-03-08', 'Cartago, Oreamuno', 'paciente185', 2, 4, 3, 1);

-- --------------------------------------------------------

--
-- Estructura de tabla para la tabla `vacuna`
--

CREATE TABLE `vacuna` (
  `id_vacuna` int NOT NULL,
  `nombre` varchar(100) NOT NULL,
  `id_enfermedad` int NOT NULL,
  `id_esquema_vacunacion` int NOT NULL,
  `id_via_administracion` int NOT NULL,
  `id_estado` int NOT NULL
) ENGINE=InnoDB DEFAULT CHARSET=utf8mb4 COLLATE=utf8mb4_0900_ai_ci;

--
-- Volcado de datos para la tabla `vacuna`
--

INSERT INTO `vacuna` (`id_vacuna`, `nombre`, `id_enfermedad`, `id_esquema_vacunacion`, `id_via_administracion`, `id_estado`) VALUES
(1, 'Vacuna Antigripal Trivalente', 1, 1, 1, 1),
(2, 'Vacuna Antigripal Anual', 1, 4, 3, 1),
(3, 'FluMist Nasal', 1, 1, 9, 1),
(4, 'Pfizer-BioNTech COVID-19', 5, 2, 3, 1),
(5, 'Moderna COVID-19', 5, 2, 3, 1),
(6, 'Refuerzo COVID-19', 5, 3, 3, 1),
(7, 'Johnson & Johnson COVID-19', 5, 1, 3, 1),
(8, 'Havrix Hepatitis A', 11, 2, 3, 1),
(9, 'Vaqta Hepatitis A', 11, 3, 3, 1),
(10, 'Engerix-B Hepatitis B', 12, 2, 3, 1),
(11, 'Recombivax HB', 12, 3, 3, 1),
(12, 'Twinrix (Hepatitis A y B)', 12, 5, 3, 1),
(13, 'Toxoide Tetánico', 13, 5, 3, 1),
(14, 'Td (Tétanos-Difteria)', 13, 5, 3, 1),
(15, 'Tdap', 13, 6, 3, 1),
(16, 'DTaP', 14, 6, 3, 1),
(17, 'Tdap Tosferina', 14, 7, 3, 1),
(18, 'MMR (Triple Viral)', 15, 6, 4, 1),
(19, 'MMR Segunda dosis', 15, 7, 4, 1),
(20, 'MMR Rubéola', 16, 6, 4, 1),
(21, 'Vacuna Rubéola', 16, 1, 4, 1),
(22, 'Varivax', 17, 6, 4, 1),
(23, 'Varicela Segunda dosis', 17, 7, 4, 1),
(24, 'RotaTeq', 18, 6, 1, 1),
(25, 'Rotarix', 18, 7, 1, 1),
(26, 'Rotavirus Tercera', 18, 8, 1, 1),
(27, 'Prevnar 13', 19, 6, 3, 1),
(28, 'Pneumovax 23', 19, 1, 3, 1),
(29, 'Menactra', 20, 6, 3, 1),
(30, 'Bexsero', 20, 7, 3, 1),
(31, 'Gardasil 9', 21, 6, 3, 1),
(32, 'Gardasil Segunda', 21, 7, 3, 1),
(33, 'Cervarix', 21, 8, 3, 1);

-- --------------------------------------------------------

--
-- Estructura de tabla para la tabla `vacuna_paciente`
--

CREATE TABLE `vacuna_paciente` (
  `id_vacuna_paciente` int NOT NULL,
  `nombre_completo` varchar(150) NOT NULL,
  `fecha_vacunacion` date NOT NULL,
  `tiempo_tratamiento` varchar(100) NOT NULL,
  `dosis` varchar(50) NOT NULL,
  `descripcion` varchar(150) NOT NULL,
  `id_usuario` int NOT NULL,
  `id_vacuna` int NOT NULL
) ENGINE=InnoDB DEFAULT CHARSET=utf8mb4 COLLATE=utf8mb4_0900_ai_ci;

--
-- Volcado de datos para la tabla `vacuna_paciente`
--

INSERT INTO `vacuna_paciente` (`id_vacuna_paciente`, `nombre_completo`, `fecha_vacunacion`, `tiempo_tratamiento`, `dosis`, `descripcion`, `id_usuario`, `id_vacuna`) VALUES
(1, 'José Ramírez Quesada', '2024-01-15', '1 dosis', '0.5ml', 'Primera dosis Pfizer-BioNTech COVID-19', 23, 4),
(2, 'José Ramírez Quesada', '2024-06-10', '1 dosis', '0.6ml', 'Vacuna MMR (Triple Viral)', 23, 18),
(3, 'Miguel Sandoval Torres', '2024-02-20', '1 dosis', '0.5ml', 'Vacuna Moderna COVID-19', 24, 5),
(4, 'Miguel Sandoval Torres', '2024-07-15', '3 dosis', '1.0ml', 'Vacuna Havrix Hepatitis A', 24, 8),
(5, 'Carlos Méndez Brenes', '2024-03-10', '1 dosis', '0.5ml', 'Refuerzo COVID-19', 25, 6),
(6, 'Carlos Méndez Brenes', '2024-08-05', '1 dosis', '0.5ml', 'Vacuna Prevnar 13', 25, 27),
(7, 'Fernando Castro Elizondo', '2024-01-25', '1 dosis', '0.5ml', 'Johnson & Johnson COVID-19', 26, 7),
(8, 'Fernando Castro Elizondo', '2024-09-12', '1 dosis', '0.5ml', 'Vacuna Tdap', 26, 15),
(9, 'María Córdoba Salas', '2024-02-14', '1 dosis', '1.0ml', 'Vacuna Vaqta Hepatitis A', 27, 9),
(10, 'María Córdoba Salas', '2024-10-08', '1 dosis', '0.5ml', 'Vacuna Rubéola', 27, 21),
(11, 'Ana Montero Villalobos', '2024-03-22', '1 dosis', '1.0ml', 'Vacuna Engerix-B Hepatitis B', 28, 10),
(12, 'Ana Montero Villalobos', '2024-11-15', '1 dosis', '0.5ml', 'Vacuna Varivax', 28, 22),
(13, 'Lucía Araya Fonseca', '2024-04-18', '1 dosis', '1.0ml', 'Vacuna Recombivax HB', 29, 11),
(14, 'Lucía Araya Fonseca', '2024-12-20', '2 dosis', '0.5ml', 'Varicela Segunda dosis', 29, 23),
(15, 'Patricia Morales Jiménez', '2024-05-12', '1 dosis', '1.0ml', 'Vacuna Twinrix (Hepatitis A y B)', 30, 12),
(16, 'Patricia Morales Jiménez', '2025-01-10', '1 dosis', '0.5ml', 'Vacuna RotaTeq', 30, 24),
(17, 'Alex Rivera Campos', '2024-06-08', '1 dosis', '0.5ml', 'Vacuna Tóxoide Tetánico', 31, 13),
(18, 'Alex Rivera Campos', '2025-02-14', '1 dosis', '2.0ml', 'Vacuna Rotarix', 31, 25),
(19, 'Sam Delgado Núñez', '2024-07-25', '1 dosis', '0.5ml', 'Vacuna Td (Tétanos-Difteria)', 32, 14),
(20, 'Sam Delgado Núñez', '2025-03-18', '1 dosis', '2.0ml', 'Vacuna Rotavirus Tercera', 32, 26),
(21, 'Diego Chacón Madrigal', '2024-08-14', '1 dosis', '0.5ml', 'Vacuna DTaP', 33, 16),
(22, 'Diego Chacón Madrigal', '2025-04-22', '1 dosis', '0.6ml', 'Vacuna Pneumovax 23', 33, 28),
(23, 'Sofía Picado Rojas', '2024-09-30', '1 dosis', '0.5ml', 'Vacuna Tdap Tosferina', 34, 17),
(24, 'Sofía Picado Rojas', '2025-05-16', '1 dosis', '0.5ml', 'Vacuna Menactra', 34, 29),
(25, 'Eduardo Blanco Cordero', '2024-10-12', '2 dosis', '0.5ml', 'Vacuna MMR Segunda dosis', 35, 19),
(26, 'Eduardo Blanco Cordero', '2025-06-20', '1 dosis', '0.5ml', 'Vacuna Bexsero', 35, 30),
(27, 'Elena Vargas Trejos', '2024-11-28', '1 dosis', '0.5ml', 'Vacuna MMR Rubéola', 36, 20),
(28, 'Elena Vargas Trejos', '2025-07-08', '1 dosis', '0.5ml', 'Vacuna Gardasil 9', 36, 31);

-- --------------------------------------------------------

--
-- Estructura de tabla para la tabla `via_administracion`
--

CREATE TABLE `via_administracion` (
  `id_via_administracion` int NOT NULL,
  `nombre` varchar(50) NOT NULL
) ENGINE=InnoDB DEFAULT CHARSET=utf8mb4 COLLATE=utf8mb4_0900_ai_ci;

--
-- Volcado de datos para la tabla `via_administracion`
--

INSERT INTO `via_administracion` (`id_via_administracion`, `nombre`) VALUES
(1, 'Oral'),
(2, 'Intravenosa'),
(3, 'Intramuscular'),
(4, 'Subcutánea'),
(5, 'Tópica'),
(6, 'Inhalatoria'),
(7, 'Sublingual'),
(8, 'Intradérmica'),
(9, 'Intranasal');

--
-- Índices para tablas volcadas
--

--
-- Indices de la tabla `cita`
--
ALTER TABLE `cita`
  ADD PRIMARY KEY (`id_cita`),
  ADD KEY `especialidad` (`id_especialidad`),
  ADD KEY `estado_cita` (`id_estado`),
  ADD KEY `servicio` (`id_servicio`),
  ADD KEY `usuario` (`id_usuario`),
  ADD KEY `medico` (`id_medico`);

--
-- Indices de la tabla `enfermedad`
--
ALTER TABLE `enfermedad`
  ADD PRIMARY KEY (`id_enfermedad`);

--
-- Indices de la tabla `especialidad`
--
ALTER TABLE `especialidad`
  ADD PRIMARY KEY (`id_especialidad`);

--
-- Indices de la tabla `esquema_vacunacion`
--
ALTER TABLE `esquema_vacunacion`
  ADD PRIMARY KEY (`id_esquema`);

--
-- Indices de la tabla `estado`
--
ALTER TABLE `estado`
  ADD PRIMARY KEY (`id_estado`);

--
-- Indices de la tabla `estado_civil`
--
ALTER TABLE `estado_civil`
  ADD PRIMARY KEY (`id_estado_civil`);

--
-- Indices de la tabla `expediente`
--
ALTER TABLE `expediente`
  ADD PRIMARY KEY (`id_expediente`),
  ADD UNIQUE KEY `unique_usuario` (`id_usuario`);

--
-- Indices de la tabla `forma_farmaceutica`
--
ALTER TABLE `forma_farmaceutica`
  ADD PRIMARY KEY (`id_forma_farmaceutica`);

--
-- Indices de la tabla `genero`
--
ALTER TABLE `genero`
  ADD PRIMARY KEY (`id_genero`);

--
-- Indices de la tabla `grupo_terapeutico`
--
ALTER TABLE `grupo_terapeutico`
  ADD PRIMARY KEY (`id_grupo_farmaceutico`);

--
-- Indices de la tabla `medicamento`
--
ALTER TABLE `medicamento`
  ADD PRIMARY KEY (`id_medicamento`),
  ADD KEY `forma_farmaceutica` (`id_forma_farmaceutica`),
  ADD KEY `grupo_terapeutico` (`id_grupo_terapeutico`),
  ADD KEY `via_administracion_medicamento` (`id_via_administracion`),
  ADD KEY `estado_medicmento` (`id_estado`);

--
-- Indices de la tabla `medicamento_paciente`
--
ALTER TABLE `medicamento_paciente`
  ADD PRIMARY KEY (`id_medicamento_paciente`),
  ADD KEY `estado_medicmento_paciente` (`id_estado`),
  ADD KEY `medicamento_paciente` (`id_medicamento`),
  ADD KEY `medicamento_usuario` (`id_paciente`);

--
-- Indices de la tabla `medico_especialidad`
--
ALTER TABLE `medico_especialidad`
  ADD PRIMARY KEY (`id_medico_especialidad`),
  ADD KEY `medico_especialidad` (`id_medico`),
  ADD KEY `especialidad_medico` (`id_especialidad`),
  ADD KEY `medico_especialidad_estado` (`id_estado`);

--
-- Indices de la tabla `rol`
--
ALTER TABLE `rol`
  ADD PRIMARY KEY (`id_rol`),
  ADD KEY `estado_rol` (`id_estado`);

--
-- Indices de la tabla `servicio`
--
ALTER TABLE `servicio`
  ADD PRIMARY KEY (`id_servicio`);

--
-- Indices de la tabla `usuario`
--
ALTER TABLE `usuario`
  ADD PRIMARY KEY (`id_usuario`),
  ADD KEY `estado_usuario` (`id_estado`),
  ADD KEY `estado_civil` (`id_estado_civil`),
  ADD KEY `genero` (`id_genero`),
  ADD KEY `rol` (`id_rol`);

--
-- Indices de la tabla `vacuna`
--
ALTER TABLE `vacuna`
  ADD PRIMARY KEY (`id_vacuna`),
  ADD KEY `enfermedad` (`id_enfermedad`),
  ADD KEY `esquema_vacunacion` (`id_esquema_vacunacion`),
  ADD KEY `estado_vacuna` (`id_estado`),
  ADD KEY `via_administracion_vacuna` (`id_via_administracion`);

--
-- Indices de la tabla `vacuna_paciente`
--
ALTER TABLE `vacuna_paciente`
  ADD PRIMARY KEY (`id_vacuna_paciente`),
  ADD KEY `usuario_vacuna` (`id_usuario`),
  ADD KEY `vacuna_paciente` (`id_vacuna`);

--
-- Indices de la tabla `via_administracion`
--
ALTER TABLE `via_administracion`
  ADD PRIMARY KEY (`id_via_administracion`);

--
-- AUTO_INCREMENT de las tablas volcadas
--

--
-- AUTO_INCREMENT de la tabla `cita`
--
ALTER TABLE `cita`
  MODIFY `id_cita` int NOT NULL AUTO_INCREMENT, AUTO_INCREMENT=57;

--
-- AUTO_INCREMENT de la tabla `enfermedad`
--
ALTER TABLE `enfermedad`
  MODIFY `id_enfermedad` int NOT NULL AUTO_INCREMENT, AUTO_INCREMENT=22;

--
-- AUTO_INCREMENT de la tabla `especialidad`
--
ALTER TABLE `especialidad`
  MODIFY `id_especialidad` int NOT NULL AUTO_INCREMENT, AUTO_INCREMENT=11;

--
-- AUTO_INCREMENT de la tabla `esquema_vacunacion`
--
ALTER TABLE `esquema_vacunacion`
  MODIFY `id_esquema` int NOT NULL AUTO_INCREMENT, AUTO_INCREMENT=9;

--
-- AUTO_INCREMENT de la tabla `estado`
--
ALTER TABLE `estado`
  MODIFY `id_estado` int NOT NULL AUTO_INCREMENT, AUTO_INCREMENT=6;

--
-- AUTO_INCREMENT de la tabla `estado_civil`
--
ALTER TABLE `estado_civil`
  MODIFY `id_estado_civil` int NOT NULL AUTO_INCREMENT, AUTO_INCREMENT=7;

--
-- AUTO_INCREMENT de la tabla `expediente`
--
ALTER TABLE `expediente`
  MODIFY `id_expediente` int NOT NULL AUTO_INCREMENT, AUTO_INCREMENT=15;

--
-- AUTO_INCREMENT de la tabla `forma_farmaceutica`
--
ALTER TABLE `forma_farmaceutica`
  MODIFY `id_forma_farmaceutica` int NOT NULL AUTO_INCREMENT, AUTO_INCREMENT=8;

--
-- AUTO_INCREMENT de la tabla `genero`
--
ALTER TABLE `genero`
  MODIFY `id_genero` int NOT NULL AUTO_INCREMENT, AUTO_INCREMENT=6;

--
-- AUTO_INCREMENT de la tabla `grupo_terapeutico`
--
ALTER TABLE `grupo_terapeutico`
  MODIFY `id_grupo_farmaceutico` int NOT NULL AUTO_INCREMENT, AUTO_INCREMENT=11;

--
-- AUTO_INCREMENT de la tabla `medicamento`
--
ALTER TABLE `medicamento`
  MODIFY `id_medicamento` int NOT NULL AUTO_INCREMENT, AUTO_INCREMENT=30;

--
-- AUTO_INCREMENT de la tabla `medicamento_paciente`
--
ALTER TABLE `medicamento_paciente`
  MODIFY `id_medicamento_paciente` int NOT NULL AUTO_INCREMENT, AUTO_INCREMENT=29;

--
-- AUTO_INCREMENT de la tabla `medico_especialidad`
--
ALTER TABLE `medico_especialidad`
  MODIFY `id_medico_especialidad` int NOT NULL AUTO_INCREMENT, AUTO_INCREMENT=21;

--
-- AUTO_INCREMENT de la tabla `rol`
--
ALTER TABLE `rol`
  MODIFY `id_rol` int NOT NULL AUTO_INCREMENT, AUTO_INCREMENT=4;

--
-- AUTO_INCREMENT de la tabla `servicio`
--
ALTER TABLE `servicio`
  MODIFY `id_servicio` int NOT NULL AUTO_INCREMENT, AUTO_INCREMENT=14;

--
-- AUTO_INCREMENT de la tabla `usuario`
--
ALTER TABLE `usuario`
  MODIFY `id_usuario` int NOT NULL AUTO_INCREMENT, AUTO_INCREMENT=37;

--
-- AUTO_INCREMENT de la tabla `vacuna`
--
ALTER TABLE `vacuna`
  MODIFY `id_vacuna` int NOT NULL AUTO_INCREMENT, AUTO_INCREMENT=34;

--
-- AUTO_INCREMENT de la tabla `vacuna_paciente`
--
ALTER TABLE `vacuna_paciente`
  MODIFY `id_vacuna_paciente` int NOT NULL AUTO_INCREMENT, AUTO_INCREMENT=29;

--
-- AUTO_INCREMENT de la tabla `via_administracion`
--
ALTER TABLE `via_administracion`
  MODIFY `id_via_administracion` int NOT NULL AUTO_INCREMENT, AUTO_INCREMENT=10;

--
-- Restricciones para tablas volcadas
--

--
-- Filtros para la tabla `cita`
--
ALTER TABLE `cita`
  ADD CONSTRAINT `especialidad` FOREIGN KEY (`id_especialidad`) REFERENCES `especialidad` (`id_especialidad`) ON DELETE RESTRICT ON UPDATE RESTRICT,
  ADD CONSTRAINT `estado_cita` FOREIGN KEY (`id_estado`) REFERENCES `estado` (`id_estado`) ON DELETE RESTRICT ON UPDATE RESTRICT,
  ADD CONSTRAINT `medico` FOREIGN KEY (`id_medico`) REFERENCES `usuario` (`id_usuario`) ON DELETE RESTRICT ON UPDATE RESTRICT,
  ADD CONSTRAINT `servicio` FOREIGN KEY (`id_servicio`) REFERENCES `servicio` (`id_servicio`) ON DELETE RESTRICT ON UPDATE RESTRICT,
  ADD CONSTRAINT `usuario` FOREIGN KEY (`id_usuario`) REFERENCES `usuario` (`id_usuario`) ON DELETE RESTRICT ON UPDATE RESTRICT;

--
-- Filtros para la tabla `expediente`
--
ALTER TABLE `expediente`
  ADD CONSTRAINT `expediente_ibfk_1` FOREIGN KEY (`id_usuario`) REFERENCES `usuario` (`id_usuario`) ON DELETE CASCADE;

--
-- Filtros para la tabla `medicamento`
--
ALTER TABLE `medicamento`
  ADD CONSTRAINT `estado_medicmento` FOREIGN KEY (`id_estado`) REFERENCES `estado` (`id_estado`) ON DELETE RESTRICT ON UPDATE RESTRICT,
  ADD CONSTRAINT `forma_farmaceutica` FOREIGN KEY (`id_forma_farmaceutica`) REFERENCES `forma_farmaceutica` (`id_forma_farmaceutica`) ON DELETE RESTRICT ON UPDATE RESTRICT,
  ADD CONSTRAINT `grupo_terapeutico` FOREIGN KEY (`id_grupo_terapeutico`) REFERENCES `grupo_terapeutico` (`id_grupo_farmaceutico`) ON DELETE RESTRICT ON UPDATE RESTRICT,
  ADD CONSTRAINT `via_administracion` FOREIGN KEY (`id_via_administracion`) REFERENCES `via_administracion` (`id_via_administracion`) ON DELETE RESTRICT ON UPDATE RESTRICT;

--
-- Filtros para la tabla `medicamento_paciente`
--
ALTER TABLE `medicamento_paciente`
  ADD CONSTRAINT `estado_medicmento_paciente` FOREIGN KEY (`id_estado`) REFERENCES `estado` (`id_estado`) ON DELETE RESTRICT ON UPDATE RESTRICT,
  ADD CONSTRAINT `medicamento_paciente` FOREIGN KEY (`id_medicamento`) REFERENCES `medicamento` (`id_medicamento`) ON DELETE RESTRICT ON UPDATE RESTRICT,
  ADD CONSTRAINT `medicamento_usuario` FOREIGN KEY (`id_paciente`) REFERENCES `usuario` (`id_usuario`) ON DELETE RESTRICT ON UPDATE RESTRICT;

--
-- Filtros para la tabla `medico_especialidad`
--
ALTER TABLE `medico_especialidad`
  ADD CONSTRAINT `especialidad_medico` FOREIGN KEY (`id_especialidad`) REFERENCES `especialidad` (`id_especialidad`) ON DELETE RESTRICT ON UPDATE RESTRICT,
  ADD CONSTRAINT `medico_especialidad` FOREIGN KEY (`id_medico`) REFERENCES `usuario` (`id_usuario`) ON DELETE RESTRICT ON UPDATE RESTRICT,
  ADD CONSTRAINT `medico_especialidad_estado` FOREIGN KEY (`id_estado`) REFERENCES `estado` (`id_estado`) ON DELETE RESTRICT ON UPDATE RESTRICT;

--
-- Filtros para la tabla `rol`
--
ALTER TABLE `rol`
  ADD CONSTRAINT `estado_rol` FOREIGN KEY (`id_estado`) REFERENCES `estado` (`id_estado`) ON DELETE RESTRICT ON UPDATE RESTRICT;

--
-- Filtros para la tabla `usuario`
--
ALTER TABLE `usuario`
  ADD CONSTRAINT `estado_civil` FOREIGN KEY (`id_estado_civil`) REFERENCES `estado` (`id_estado`) ON DELETE RESTRICT ON UPDATE RESTRICT,
  ADD CONSTRAINT `estado_usuario` FOREIGN KEY (`id_estado`) REFERENCES `estado` (`id_estado`) ON DELETE RESTRICT ON UPDATE RESTRICT,
  ADD CONSTRAINT `genero` FOREIGN KEY (`id_genero`) REFERENCES `genero` (`id_genero`) ON DELETE RESTRICT ON UPDATE RESTRICT,
  ADD CONSTRAINT `rol` FOREIGN KEY (`id_rol`) REFERENCES `rol` (`id_rol`) ON DELETE RESTRICT ON UPDATE RESTRICT;

--
-- Filtros para la tabla `vacuna`
--
ALTER TABLE `vacuna`
  ADD CONSTRAINT `enfermedad` FOREIGN KEY (`id_enfermedad`) REFERENCES `enfermedad` (`id_enfermedad`) ON DELETE RESTRICT ON UPDATE RESTRICT,
  ADD CONSTRAINT `esquema_vacunacion` FOREIGN KEY (`id_esquema_vacunacion`) REFERENCES `esquema_vacunacion` (`id_esquema`) ON DELETE RESTRICT ON UPDATE RESTRICT,
  ADD CONSTRAINT `estado_vacuna` FOREIGN KEY (`id_estado`) REFERENCES `estado` (`id_estado`) ON DELETE RESTRICT ON UPDATE RESTRICT,
  ADD CONSTRAINT `via_administracion_vacuna` FOREIGN KEY (`id_via_administracion`) REFERENCES `via_administracion` (`id_via_administracion`) ON DELETE RESTRICT ON UPDATE RESTRICT;

--
-- Filtros para la tabla `vacuna_paciente`
--
ALTER TABLE `vacuna_paciente`
  ADD CONSTRAINT `usuario_vacuna` FOREIGN KEY (`id_usuario`) REFERENCES `usuario` (`id_usuario`) ON DELETE RESTRICT ON UPDATE RESTRICT,
  ADD CONSTRAINT `vacuna_paciente` FOREIGN KEY (`id_vacuna`) REFERENCES `vacuna` (`id_vacuna`) ON DELETE RESTRICT ON UPDATE RESTRICT;
COMMIT;

/*!40101 SET CHARACTER_SET_CLIENT=@OLD_CHARACTER_SET_CLIENT */;
/*!40101 SET CHARACTER_SET_RESULTS=@OLD_CHARACTER_SET_RESULTS */;
/*!40101 SET COLLATION_CONNECTION=@OLD_COLLATION_CONNECTION */;
